{
    "pagination": {},
    "meta": {
        "code": 200
    },
    "data": [
        {
            "type": "image",
            "tags": [],
            "location": null,
            "comments": {
                "count": 1,
                "data": [
                    {
                        "created_time": "1287439973",
                        "text": "Midnight dancing @kevinjaako. #iPhone #photography",
                        "from": {
                            "username": "cathycracks",
                            "id": "12053"
                        },
                        "id": "404609"
                    }
                ]
            },
            "caption": {
                "created_time": "1287439973",
                "text": "Midnight dancing @kevinjaako. #iPhone #photography",
                "from": {
                    "username": "cathycracks",
                    "id": "12053"
                },
                "id": "404609"
            },
            "link": "http://localhost:8000/p/Cbg2/",
            "likes": {
                "count": 0
            },
            "created_time": "1287439896",
            "images": {
                "low_resolution": {
                    "url": "http://distillery-dev.s3.amazonaws.com/media/2010/10/18/f9d2708b47c54949b9bb48ed676f8d8e_6.jpg",
                    "width": 480,
                    "height": 480
                },
                "thumbnail": {
                    "url": "http://distillery-dev.s3.amazonaws.com/media/2010/10/18/f9d2708b47c54949b9bb48ed676f8d8e_5.jpg",
                    "width": 150,
                    "height": 150
                },
                "standard_resolution": {
                    "url": "http://distillery-dev.s3.amazonaws.com/media/2010/10/18/f9d2708b47c54949b9bb48ed676f8d8e_7.jpg",
                    "width": 612,
                    "height": 612
                }
            },
            "user_has_liked": false,
            "id": "636982",
            "user": {
                "username": "cathycracks",
                "first_name": "Cathy",
                "profile_picture": "http://distillery.s3.amazonaws.com/profiles/profile_12053_75sq_1287858628.jpg",
                "id": "12053",
                "last_name": "Wang"
            }
        },
        {
            "type": "image",
            "tags": [],
            "location": null,
            "comments": {
                "count": 1,
                "data": [
                    {
                        "created_time": "1287237712",
                        "text": "Van wie is eigenlijk mijn #iPhone",
                        "from": {
                            "username": "edwardvanmeel",
                            "id": "46088"
                        },
                        "id": "283284"
                    }
                ]
            },
            "caption": {
                "created_time": "1287237712",
                "text": "Van wie is eigenlijk mijn #iPhone",
                "from": {
                    "username": "edwardvanmeel",
                    "id": "46088"
                },
                "id": "283284"
            },
            "link": "http://localhost:8000/p/BvOo/",
            "likes": {
                "count": 1
            },
            "created_time": "1287237652",
            "images": {
                "low_resolution": {
                    "url": "http://distillery-dev.s3.amazonaws.com/media/2010/10/16/8848d8d1b48e44f5b4fe8c86a2e4f949_6.jpg",
                    "width": 480,
                    "height": 480
                },
                "thumbnail": {
                    "url": "http://distillery-dev.s3.amazonaws.com/media/2010/10/16/8848d8d1b48e44f5b4fe8c86a2e4f949_5.jpg",
                    "width": 150,
                    "height": 150
                },
                "standard_resolution": {
                    "url": "http://distillery-dev.s3.amazonaws.com/media/2010/10/16/8848d8d1b48e44f5b4fe8c86a2e4f949_7.jpg",
                    "width": 612,
                    "height": 612
                }
            },
            "user_has_liked": false,
            "id": "455592",
            "user": {
                "username": "edwardvanmeel",
                "first_name": "Edward",
                "profile_picture": "http://distillery.s3.amazonaws.com/profiles/profile_46088_75sq_1286621654.jpg",
                "id": "46088",
                "last_name": "van Meel"
            }
        },
        {
            "type": "image",
            "tags": [],
            "location": null,
            "comments": {
                "count": 2,
                "data": [
                    {
                        "created_time": "1286395811",
                        "text": "Front-page worthy: @instagramapp. It's gorgeous. #iPhone",
                        "from": {
                            "username": "nik",
                            "id": "5273"
                        },
                        "id": "11380"
                    },
                    {
                        "created_time": "1286728380",
                        "text": "I love this app too!",
                        "from": {
                            "username": "venetia",
                            "id": "42294"
                        },
                        "id": "86708"
                    }
                ]
            },
            "caption": {
                "created_time": "1286395811",
                "text": "Front-page worthy: @instagramapp. It's gorgeous. #iPhone",
                "from": {
                    "username": "nik",
                    "id": "5273"
                },
                "id": "11380"
            },
            "link": "http://localhost:8000/p/DBH/",
            "likes": {
                "count": 7
            },
            "created_time": "1286394994",
            "images": {
                "low_resolution": {
                    "url": "http://distillery-dev.s3.amazonaws.com/media/2010/10/06/ea33af4f6d5d4a5da569052e94d6b820_6.jpg",
                    "width": 480,
                    "height": 480
                },
                "thumbnail": {
                    "url": "http://distillery-dev.s3.amazonaws.com/media/2010/10/06/ea33af4f6d5d4a5da569052e94d6b820_5.jpg",
                    "width": 150,
                    "height": 150
                },
                "standard_resolution": {
                    "url": "http://distillery-dev.s3.amazonaws.com/media/2010/10/06/ea33af4f6d5d4a5da569052e94d6b820_7.jpg",
                    "width": 612,
                    "height": 612
                }
            },
            "user_has_liked": false,
            "id": "12359",
            "user": {
                "username": "nik",
                "first_name": "nik",
                "profile_picture": "http://distillery.s3.amazonaws.com/profiles/profile_5273_75sq_1286392268.jpg",
                "id": "5273",
                "last_name": ""
            }
        },
        {
            "id": "1614083460929239315_25025320",
            "user": {
                "id": "25025320",
                "full_name": "Instagram",
                "profile_picture": "https://scontent.cdninstagram.com/t51.2885-19/s150x150/14719833_310540259320655_1605122788543168512_a.jpg",
                "username": "instagram"
            },
            "images": {
                "thumbnail": {
                    "width": 150,
                    "height": 150,
                    "url": "https://scontent.cdninstagram.com/t51.2885-15/s150x150/e15/21980918_1513931928693772_9033863567060762624_n.jpg"
                },
                "low_resolution": {
                    "width": 320,
                    "height": 320,
                    "url": "https://scontent.cdninstagram.com/t51.2885-15/s320x320/e15/21980918_1513931928693772_9033863567060762624_n.jpg"
                },
                "standard_resolution": {
                    "width": 640,
                    "height": 640,
                    "url": "https://scontent.cdninstagram.com/t51.2885-15/s640x640/e15/21980918_1513931928693772_9033863567060762624_n.jpg"
                }
            },
            "created_time": "1506633764",
            "caption": {
                "id": "17900429008029332",
                "text": "Hello, world! It\u2019s time for another dose of #WeeklyFluff. Meet Kuzuki (@sou_ham), a happy hamster from Japan who has been described as a \u201csmall vacuum cleaner.\u201d Follow @sou_ham to make sure you never miss one of Kuzuki\u2019s \u2014 or Uzuki's! (the other hamster in the family) \u2014 adventures. \ud83d\udc39\ud83d\udc39",
                "created_time": "1506633764",
                "from": {
                    "id": "25025320",
                    "full_name": "Instagram",
                    "profile_picture": "https://scontent.cdninstagram.com/t51.2885-19/s150x150/14719833_310540259320655_1605122788543168512_a.jpg",
                    "username": "instagram"
                }
            },
            "user_has_liked": false,
            "likes": {
                "count": 821506
            },
            "tags": ["weeklyfluff"],
            "filter": "Normal",
            "comments": {
                "count": 15562
            },
            "type": "video",
            "link": "http://localhost:8000/p/BZmYFsehTkT/",
            "location": null,
            "attribution": null,
            "users_in_photo": [],
            "videos": {
                "standard_resolution": {
                    "width": 640,
                    "height": 640,
                    "url": "https://scontent.cdninstagram.com/t50.2886-16/22137988_1621796317884357_179940820256817152_n.mp4",
                    "id": "0"
                },
                "low_bandwidth": {
                    "width": 480,
                    "height": 480,
                    "url": "https://scontent.cdninstagram.com/t50.2886-16/22112778_357761027970441_6775862658118713344_n.mp4",
                    "id": "0"
                },
                "low_resolution": {
                    "width": 480,
                    "height": 480,
                    "url": "https://scontent.cdninstagram.com/t50.2886-16/22112778_357761027970441_6775862658118713344_n.mp4",
                    "id": "0"
                }
            }
        },
        {
            "id": "1613267810091631142_25025320",
            "user": {
                "id": "25025320",
                "full_name": "Instagram",
                "profile_picture": "https://scontent.cdninstagram.com/t51.2885-19/s150x150/14719833_310540259320655_1605122788543168512_a.jpg",
                "username": "instagram"
            },
            "images": {
                "thumbnail": {
                    "width": 150,
                    "height": 150,
                    "url": "https://scontent.cdninstagram.com/t51.2885-15/s150x150/e35/21985313_400032113744601_677307280198205440_n.jpg"
                },
                "low_resolution": {
                    "width": 320,
                    "height": 320,
                    "url": "https://scontent.cdninstagram.com/t51.2885-15/s320x320/e35/21985313_400032113744601_677307280198205440_n.jpg"
                },
                "standard_resolution": {
                    "width": 640,
                    "height": 640,
                    "url": "https://scontent.cdninstagram.com/t51.2885-15/s640x640/sh0.08/e35/21985313_400032113744601_677307280198205440_n.jpg"
                }
            },
            "created_time": "1506536531",
            "caption": {
                "id": "17874787510182141",
                "text": "Photo by @naomijon\nBlue hair. Blue eyes. \u201cThese two things are kind of my trademark,\u201d says German beauty blogger Naomi Jon (@naomijon). \u201cIf I had to choose between black and any color, I would always go for the color, because it\u2019s way more exciting, and it always attracts attention.\u201d\nWatch Naomi apply a colorful eye shadow combination on our Instagram story right now. \ud83d\udc99",
                "created_time": "1506536531",
                "from": {
                    "id": "25025320",
                    "full_name": "Instagram",
                    "profile_picture": "https://scontent.cdninstagram.com/t51.2885-19/s150x150/14719833_310540259320655_1605122788543168512_a.jpg",
                    "username": "instagram"
                }
            },
            "user_has_liked": false,
            "likes": {
                "count": 590414
            },
            "tags": [],
            "filter": "Normal",
            "comments": {
                "count": 6413
            },
            "type": "image",
            "link": "https://www.instagram.com/p/BZjeoacFYIm/",
            "location": {
                "latitude": 52.3667,
                "longitude": 9.71667,
                "name": "Hanover, Germany",
                "id": 213305671
            },
            "attribution": null,
            "users_in_photo": []
        }
    ]
}